제목,링크,발행일
"러, 美 우크라 군사지원 중단에 찬사…""평화적 해결 희망""(종합)",https://www.yna.co.kr/view/AKR20250304171951080,"Wed, 5 Mar 2025 01:10:51 +0900"
"뉴욕증시, 관세전쟁 우려·나스닥 조정국면 진입…급락 출발",https://www.yna.co.kr/view/AKR20250305001800009,"Wed, 5 Mar 2025 01:01:29 +0900"
"'엇박 행보' 오르반, EU 정상회의 전날 마크롱과 회담",https://www.yna.co.kr/view/AKR20250305001500088,"Wed, 5 Mar 2025 00:55:59 +0900"
"美국방부 차관 후보자 ""대만에서의 패배는 미국 이익에 재앙""",https://www.yna.co.kr/view/AKR20250305001300071,"Wed, 5 Mar 2025 00:50:05 +0900"
"뉴욕증시, 관세전쟁 격화 양상에 오전 장중 약세…다우 1.4%↓",https://www.yna.co.kr/view/AKR20250305000800072,"Wed, 5 Mar 2025 00:40:06 +0900"
"트럼프, 관세 강행 당일 ""美은행 캐나다 사업 불허는 불공평""",https://www.yna.co.kr/view/AKR20250305000700071,"Wed, 5 Mar 2025 00:28:26 +0900"
아랍연맹 특별정상회의서 '트럼프 가자구상' 대응 논의,https://www.yna.co.kr/view/AKR20250305000500108,"Wed, 5 Mar 2025 00:27:00 +0900"
"미국 국무부, 예멘 후티 반군 '해외 테러조직' 지정",https://www.yna.co.kr/view/AKR20250305000600071,"Wed, 5 Mar 2025 00:23:36 +0900"
"英총리, 트럼프와 통화…우크라 문제 논의",https://www.yna.co.kr/view/AKR20250304180900085,"Wed, 5 Mar 2025 00:05:24 +0900"
"""푸틴, 미국·이란 핵 관련 소통 중재에 동의""",https://www.yna.co.kr/view/AKR20250304181000080,"Tue, 4 Mar 2025 23:53:31 +0900"
"멕시코, 美에 보복관세 부과 예고…""9일에 품목 발표""",https://www.yna.co.kr/view/AKR20250304180800087,"Tue, 4 Mar 2025 23:26:50 +0900"
세르비아 의회서 연막탄·최루탄 '펑'…정치적 혼란 극심,https://www.yna.co.kr/view/AKR20250304180400109,"Tue, 4 Mar 2025 23:18:55 +0900"
유럽 방위비 확대에 유로화 올들어 최고치,https://www.yna.co.kr/view/AKR20250304179800082,"Tue, 4 Mar 2025 23:00:38 +0900"
"EU, 철강업 지원책 마련 착수…'무역 안전장치' 주력",https://www.yna.co.kr/view/AKR20250304179600098,"Tue, 4 Mar 2025 22:43:17 +0900"
"유엔 인권수장, 트럼프 행정부 인권정책 비판",https://www.yna.co.kr/view/AKR20250304179500088,"Tue, 4 Mar 2025 22:36:55 +0900"
트럼프 피해 왔나…英시민권 신청 미국인 역대 최다,https://www.yna.co.kr/view/AKR20250304179300085,"Tue, 4 Mar 2025 22:35:07 +0900"
"러 미사일 전문가들, 이란·이스라엘 한창 충돌 때 이란행",https://www.yna.co.kr/view/AKR20250304177800108,"Tue, 4 Mar 2025 22:13:19 +0900"
"유럽, 우크라 지원중단 美에 ""침략자만 강해진다"" 비판(종합)",https://www.yna.co.kr/view/AKR20250304168751081,"Tue, 4 Mar 2025 22:06:27 +0900"
"'中日 통화약세 유도' 트럼프 비판에…日 ""약세 정책 안써""(종합)",https://www.yna.co.kr/view/AKR20250304085751073,"Tue, 4 Mar 2025 22:02:58 +0900"
"""가장 빨리 돌아올 것""…러, 한국 자동차 복귀에 관심",https://www.yna.co.kr/view/AKR20250304177600080,"Tue, 4 Mar 2025 22:00:26 +0900"
"'다음 차례?'…EU, 캐나다·멕시코 '트럼프 관세' 비판",https://www.yna.co.kr/view/AKR20250304177900098,"Tue, 4 Mar 2025 21:53:04 +0900"
"독일, 국방·인프라 1300조 '역대급 돈풀기' 논의",https://www.yna.co.kr/view/AKR20250304177700082,"Tue, 4 Mar 2025 21:49:04 +0900"
"우크라, 美 원조 중단에 ""협력 결심"" 진화…""여론은 분노""",https://www.yna.co.kr/view/AKR20250304177200081,"Tue, 4 Mar 2025 21:46:42 +0900"
"'기후위기 부정' 트럼프 여파? 日금융사, 탈탄소 국제공조 탈퇴",https://www.yna.co.kr/view/AKR20250304176400073,"Tue, 4 Mar 2025 21:09:35 +0900"
"러시아, 자국 배우 출연작 오스카 5관왕에 환호…우크라는 탄식",https://www.yna.co.kr/view/AKR20250304175600009,"Tue, 4 Mar 2025 21:08:09 +0900"
"교황, 호흡곤란 위기 넘겼지만 비관도 낙관도 '금물'",https://www.yna.co.kr/view/AKR20250304175300109,"Tue, 4 Mar 2025 20:57:21 +0900"
"""러, 협상서 '고지 확보'하려 헤르손 미점령지 공세""",https://www.yna.co.kr/view/AKR20250304175000085,"Tue, 4 Mar 2025 20:52:03 +0900"
"기사회생했는데…日효고현 지사 '갑질 의혹' 의회조사서 ""사실""",https://www.yna.co.kr/view/AKR20250304174400073,"Tue, 4 Mar 2025 20:26:37 +0900"
"텐센트 AI챗봇, 딥시크 제치고 아이폰 앱 다운로드 1위",https://www.yna.co.kr/view/AKR20250304174200009,"Tue, 4 Mar 2025 20:17:19 +0900"
"中, '트럼프관세'에 수위조절 속 표적대응…美농산물에 보복관세(종합4보)",https://www.yna.co.kr/view/AKR20250304115454083,"Tue, 4 Mar 2025 19:58:10 +0900"
"러, 美 우크라 군사지원 중단 소식에 '찬사'",https://www.yna.co.kr/view/AKR20250304171900080,"Tue, 4 Mar 2025 19:43:28 +0900"
"""가자지구 휴전 연장 불발시 열흘내 교전 재개될 듯""",https://www.yna.co.kr/view/AKR20250304170400108,"Tue, 4 Mar 2025 19:31:57 +0900"
"EU, 1229조 동원 '재무장 계획' 공개…'美 없는 안보' 대비",https://www.yna.co.kr/view/AKR20250304169900098,"Tue, 4 Mar 2025 19:28:11 +0900"
"[속보] 中 ""美 3개업체 대두 수입 중단…맥각 검출""",https://www.yna.co.kr/view/AKR20250304170700083,"Tue, 4 Mar 2025 19:22:14 +0900"
체코서 2만명 모금 우크라에 블랙호크 헬기 선물,https://www.yna.co.kr/view/AKR20250304169600082,"Tue, 4 Mar 2025 19:14:32 +0900"
"[속보] 中 ""미국산 원목 수입 중단…해충 발견""",https://www.yna.co.kr/view/AKR20250304170000083,"Tue, 4 Mar 2025 19:14:32 +0900"
"우크라, 美 지원중단에 ""항복하라는 거냐""…유럽은 '심각'",https://www.yna.co.kr/view/AKR20250304168700081,"Tue, 4 Mar 2025 19:13:28 +0900"
中 최대 정치행사 양회 개막…경기부양책·무역전쟁 메시지 주목(종합),https://www.yna.co.kr/view/AKR20250303057651083,"Tue, 4 Mar 2025 18:56:38 +0900"
"'젤렌스키 복장 타박'에 뿔난 우크라 ""이게 우리 정장""",https://www.yna.co.kr/view/AKR20250304166600009,"Tue, 4 Mar 2025 18:55:59 +0900"
"""유럽, 러 동결자산 압류 논의…반대했던 프·독도 동참""",https://www.yna.co.kr/view/AKR20250304167400085,"Tue, 4 Mar 2025 18:54:08 +0900"
日정부 조사 거부한 통일교에 최종심 법원도 과태료 판결,https://www.yna.co.kr/view/AKR20250304167000073,"Tue, 4 Mar 2025 18:51:03 +0900"
"트럼프, 中과도 직거래?…대만 ""美, 아태 포기 않을 것""(종합)",https://www.yna.co.kr/view/AKR20250304096951009,"Tue, 4 Mar 2025 18:49:31 +0900"
"中, 10일부터 美농산품에 보복관세…수위조절하며 표적대응(종합3보)",https://www.yna.co.kr/view/AKR20250304115453083,"Tue, 4 Mar 2025 18:25:26 +0900"
팔레스타인 점령해제 놓고 국제회의…이스라엘은 보이콧,https://www.yna.co.kr/view/AKR20250304164900088,"Tue, 4 Mar 2025 18:23:29 +0900"
"中, 트럼프 관세에 美농산물 정조준 '맞불'…무역전쟁 전선 확대",https://www.yna.co.kr/view/AKR20250304158000009,"Tue, 4 Mar 2025 18:00:10 +0900"
"교황, 호흡곤란 위기 넘겨…바티칸 ""밤새 숙면·휴식 중""",https://www.yna.co.kr/view/AKR20250304157900109,"Tue, 4 Mar 2025 17:38:50 +0900"
"인니, DME 생산 등 에너지 프로젝트 21개 추진…총 60조원 규모",https://www.yna.co.kr/view/AKR20250304156000104,"Tue, 4 Mar 2025 17:32:55 +0900"
日 예산안 '여소야대' 중의원 통과…29년 만에 수정안 채택,https://www.yna.co.kr/view/AKR20250304156600073,"Tue, 4 Mar 2025 17:27:56 +0900"
"[영상] 우크라서 생포된 북한군 포로 ""한국 꼭 가서 가정 이루고 싶다""",https://www.yna.co.kr/view/AKR20250304147000704,"Tue, 4 Mar 2025 16:59:34 +0900"
"美, 캐나다·멕시코에 25%·중국에 10+10% 관세…中 즉각 보복(종합)",https://www.yna.co.kr/view/AKR20250304064451071,"Tue, 4 Mar 2025 16:57:51 +0900"
"미국, 우크라이나 군사원조 중단 돌입…트럼프 명령 즉각 실행",https://www.yna.co.kr/view/AKR20250304150300009,"Tue, 4 Mar 2025 16:57:25 +0900"
"타지키스탄 총선서 장기집권 여당 압승…""하원 의석 78% 차지""(종합)",https://www.yna.co.kr/view/AKR20250304092651076,"Tue, 4 Mar 2025 16:56:37 +0900"
"中, 10일부터 美농산품에 보복관세…수위조절하며 표적대응(종합2보)",https://www.yna.co.kr/view/AKR20250304115452083,"Tue, 4 Mar 2025 16:49:37 +0900"
"[속보] ""미국, 우크라이나 군사원조 중단 실행"" <로이터>",https://www.yna.co.kr/view/AKR20250304147600009,"Tue, 4 Mar 2025 16:44:37 +0900"
[세상만사] 처칠의 '사이렌 슈트'(Siren Suit),https://www.yna.co.kr/view/AKR20250304144500546,"Tue, 4 Mar 2025 16:28:56 +0900"
"[영상] 미 ""무기공급 전면중단"" 초강수…""우크라, 2~4개월 버티다 패전""",https://www.yna.co.kr/view/AKR20250304142500704,"Tue, 4 Mar 2025 16:26:35 +0900"
"日후쿠시마 할머니들, 제주 해녀 찾아 원전오염수 방류 사과",https://www.yna.co.kr/view/AKR20250304141300056,"Tue, 4 Mar 2025 16:23:44 +0900"
"주미 필리핀대사 ""미국 방위지원 중단될 경우도 대비해야""",https://www.yna.co.kr/view/AKR20250304137600084,"Tue, 4 Mar 2025 16:08:08 +0900"
급속히 저무는 'FTA 시대'…캐나다·멕시코에 팬데믹급 경제충격,https://www.yna.co.kr/view/AKR20250304138000009,"Tue, 4 Mar 2025 16:04:43 +0900"
"日외무상 ""우크라이나 지원 계속…유럽과 아시아 안보 불가분""",https://www.yna.co.kr/view/AKR20250304136700073,"Tue, 4 Mar 2025 16:03:04 +0900"
"거침없는 중국 BYD, 유상증자로 8조원대 '실탄' 확보",https://www.yna.co.kr/view/AKR20250304134900009,"Tue, 4 Mar 2025 16:01:42 +0900"
"무역전쟁 포연 속에서도…中, 美에 ""평등한 협상 통해 해결해야""",https://www.yna.co.kr/view/AKR20250304134600009,"Tue, 4 Mar 2025 15:56:18 +0900"
미국과 '안보 결별' 가능성에 유럽 방산업계 대호황 예고,https://www.yna.co.kr/view/AKR20250304130600009,"Tue, 4 Mar 2025 15:55:06 +0900"
"美부통령 ""젤렌스키, 결국 러시아와 평화협상하게 될 것""",https://www.yna.co.kr/view/AKR20250304111600009,"Tue, 4 Mar 2025 15:48:38 +0900"
"트럼프, 우크라 무기공급 중단…젤렌스키 팔 비틀며 종전압박(종합2보)",https://www.yna.co.kr/view/AKR20250304036853009,"Tue, 4 Mar 2025 15:47:38 +0900"
"트럼프발 리스크에도…골드만삭스 CEO ""美경제 침체 가능성 낮아""",https://www.yna.co.kr/view/AKR20250304118200009,"Tue, 4 Mar 2025 15:46:35 +0900"
"대만, '병력 부족'에 지원병 급여 인상 추진",https://www.yna.co.kr/view/AKR20250304130800009,"Tue, 4 Mar 2025 15:42:58 +0900"
"""당신 협상카드는 있냐""…트럼프 '거래 동맹관'에 한국도 위험(종합)",https://www.yna.co.kr/view/AKR20250304091151009,"Tue, 4 Mar 2025 15:37:14 +0900"
"필리핀 공군 한국산 FA-50 전투기 1대, 야간작전 중 실종(종합)",https://www.yna.co.kr/view/AKR20250304127651084,"Tue, 4 Mar 2025 15:33:12 +0900"
"""중국, 오픈소스 RISC-V 칩 사용 권장 지침 발표할 듯""",https://www.yna.co.kr/view/AKR20250304128100009,"Tue, 4 Mar 2025 15:32:44 +0900"
"中, 美농산품에 10∼15% 보복관세…'수위 조절' 속 표적 대응(종합)",https://www.yna.co.kr/view/AKR20250304115451083,"Tue, 4 Mar 2025 15:22:27 +0900"
"서울 이긴 전북, 이제 세계와 경쟁…2036 올림픽 유치전 돌입",https://www.yna.co.kr/view/AKR20250304124200055,"Tue, 4 Mar 2025 15:22:15 +0900"
"이스라엘, 하마스 고위급 카슈미르 테러단체 행사 참석에 발끈",https://www.yna.co.kr/view/AKR20250304123200009,"Tue, 4 Mar 2025 15:17:40 +0900"
"미러밀착에 흔들리는 나토…""마지막에 근접했을 수도"" 경고음",https://www.yna.co.kr/view/AKR20250304128400009,"Tue, 4 Mar 2025 15:13:35 +0900"
"필리핀 공군 한국산 FA-50 전투기 1대, 작전 중 실종",https://www.yna.co.kr/view/AKR20250304127600084,"Tue, 4 Mar 2025 15:08:01 +0900"
세계의 날씨(3월4일),https://www.yna.co.kr/view/AKR20250304125400009,"Tue, 4 Mar 2025 15:04:52 +0900"
"러, 日외무상 입국금지…""대러 제재 보복 조치""(종합)",https://www.yna.co.kr/view/AKR20250304002352088,"Tue, 4 Mar 2025 14:44:50 +0900"
"中, 美농산품에 10일부터 10∼15% 보복관세…트럼프 관세 '맞불'",https://www.yna.co.kr/view/AKR20250304115400083,"Tue, 4 Mar 2025 14:28:27 +0900"
"[속보] 中 ""美일루미나 유전자 분석장비 대중수출 금지""",https://www.yna.co.kr/view/AKR20250304114200009,"Tue, 4 Mar 2025 14:18:29 +0900"
"""엔비디아 칩 탑재 서버, 싱가포르 거쳐 말레이行…경로 조사중""",https://www.yna.co.kr/view/AKR20250304107900076,"Tue, 4 Mar 2025 14:13:31 +0900"
"[속보] 中, 美 15개 기업 수출 통제 리스트에 추가",https://www.yna.co.kr/view/AKR20250304113000009,"Tue, 4 Mar 2025 14:13:01 +0900"
"파리조폐국 ""손상된 파리 올림픽 메달 교환 요청 220건""",https://www.yna.co.kr/view/AKR20250304110900007,"Tue, 4 Mar 2025 14:10:40 +0900"
"[속보] 中, 美 10개 기업 제재 리스트에 추가",https://www.yna.co.kr/view/AKR20250304111900009,"Tue, 4 Mar 2025 14:08:29 +0900"
"[속보] 中, 일부 美제품에 15% 추가관세…'트럼프 관세폭탄'에 보복",https://www.yna.co.kr/view/AKR20250304110200009,"Tue, 4 Mar 2025 14:04:14 +0900"
"동맹·FTA국가도 예외없다…美, 캐나다·멕시코에 25%관세 시행",https://www.yna.co.kr/view/AKR20250304064400071,"Tue, 4 Mar 2025 14:02:21 +0900"
파키스탄·아프간 국경서 양국 군 교전…1명 사망,https://www.yna.co.kr/view/AKR20250304104700104,"Tue, 4 Mar 2025 13:57:40 +0900"
"주미 대만대표 ""대만은 미국에 부담 아닌 자산…아프간과 달라""",https://www.yna.co.kr/view/AKR20250304096900009,"Tue, 4 Mar 2025 13:12:05 +0900"
"日자민당 당원 2년 연속 감소…""비자금·총선 패배 영향""",https://www.yna.co.kr/view/AKR20250304098500073,"Tue, 4 Mar 2025 13:11:53 +0900"
"日 '왕위서열 2위' 왕자, 성년 맞아 첫 회견…""역할 다할 것""",https://www.yna.co.kr/view/AKR20250304096300073,"Tue, 4 Mar 2025 12:53:20 +0900"
"호주 총리 ""우크라이나에 평화유지군 파병 고려하겠다""",https://www.yna.co.kr/view/AKR20250304096100084,"Tue, 4 Mar 2025 12:49:37 +0900"
"英, 자국 방산업체 미국 매각 제동…트럼프 친러 행보 영향?",https://www.yna.co.kr/view/AKR20250304092100009,"Tue, 4 Mar 2025 12:19:20 +0900"
관세폭탄·안보장사…트럼프 투트랙 공세에 국제질서 대혼란,https://www.yna.co.kr/view/AKR20250304092200009,"Tue, 4 Mar 2025 12:19:00 +0900"
"트럼프 관세, 美에도 부메랑…美 '스태그플레이션 위험' 경고등",https://www.yna.co.kr/view/AKR20250304089800072,"Tue, 4 Mar 2025 12:04:11 +0900"
"""당신에겐 패가 없잖아""…트럼프 '거래주의 동맹관' 노골화",https://www.yna.co.kr/view/AKR20250304091100009,"Tue, 4 Mar 2025 12:03:29 +0900"
"타지키스탄 총선서 여당 압승…""하원 의석 78% 차지""",https://www.yna.co.kr/view/AKR20250304092600076,"Tue, 4 Mar 2025 12:01:41 +0900"
"네슬레, 中제과업체 쉬푸지 지분 전량인수…""中시장 장기 투자""",https://www.yna.co.kr/view/AKR20250304091500083,"Tue, 4 Mar 2025 11:58:44 +0900"
"中연구팀, 슈퍼컴보다 1천조 배 빠른 양자컴퓨터 공개",https://www.yna.co.kr/view/AKR20250304091400009,"Tue, 4 Mar 2025 11:50:45 +0900"
"中양회 최대 관심사는 AI…발전 촉진법, 안전 문제 등 제안 봇물",https://www.yna.co.kr/view/AKR20250304083100009,"Tue, 4 Mar 2025 11:35:30 +0900"
"트럼프 '가상화폐 전략비축'에 뒷말…""혈세로 자기 재산 불리나""",https://www.yna.co.kr/view/AKR20250304087900009,"Tue, 4 Mar 2025 11:33:48 +0900"
"'中日 통화약세 유도' 트럼프 비판에…日 ""약세 정책 안써""",https://www.yna.co.kr/view/AKR20250304085700073,"Tue, 4 Mar 2025 11:32:16 +0900"
"캐나다, 총 155조원 규모 미국상품에 25% 맞불관세",https://www.yna.co.kr/view/AKR20250304086300009,"Tue, 4 Mar 2025 11:31:42 +0900"
GM도 '최고 AI 책임자' 신설…구글 출신 영입,https://www.yna.co.kr/view/AKR20250304049200009,"Tue, 4 Mar 2025 11:16:43 +0900"
인니 GDP 3년 연속 5%대 성장…2월 물가는 25년만에 마이너스,https://www.yna.co.kr/view/AKR20250304078300104,"Tue, 4 Mar 2025 11:15:51 +0900"
'친러' 미얀마 군정 수장 모스크바행…푸틴과 회담 예정,https://www.yna.co.kr/view/AKR20250304081700076,"Tue, 4 Mar 2025 11:15:14 +0900"
"[속보] 캐나다, 4일부터 30조원 미국상품에 25% 맞불관세<로이터>",https://www.yna.co.kr/view/AKR20250304079100009,"Tue, 4 Mar 2025 11:05:45 +0900"
"中관영지, 양회 개막일에 1면에서 '中정치체제 정당성' 역설",https://www.yna.co.kr/view/AKR20250304075100009,"Tue, 4 Mar 2025 10:59:10 +0900"
"트럼프, 대러 제재 완화 추진…""담당 부처에 초안 마련 요청""",https://www.yna.co.kr/view/AKR20250304061600009,"Tue, 4 Mar 2025 10:49:10 +0900"
"""코끼리 철길 사고 줄이자""…스리랑카, 열차 운행시간 조정",https://www.yna.co.kr/view/AKR20250304071300009,"Tue, 4 Mar 2025 10:48:03 +0900"
스페이스X 화성탐사선 8차 시험비행 카운트다운 40초전 중단(종합),https://www.yna.co.kr/view/AKR20250304041151091,"Tue, 4 Mar 2025 10:32:36 +0900"
"트럼프 ""관세 협상 여지 없다""…캐나다·멕시코 통화 급락",https://www.yna.co.kr/view/AKR20250304066600009,"Tue, 4 Mar 2025 10:31:06 +0900"
"헤지펀드 대부 달리오 ""3년내 미국 국가부채로 심장마비"" 경고",https://www.yna.co.kr/view/AKR20250304062000009,"Tue, 4 Mar 2025 10:23:33 +0900"
이스라엘 '지옥계획' 추진…살얼음판 가자휴전 결국 깨지나,https://www.yna.co.kr/view/AKR20250304046300009,"Tue, 4 Mar 2025 10:23:25 +0900"
"中첨단기술에 대응…""오커스, 日에 무인기 AI 공동연구 타진""",https://www.yna.co.kr/view/AKR20250304058500073,"Tue, 4 Mar 2025 10:15:29 +0900"
"中, 트럼프 '10+10% 관세'에 ""반격 조치로 권익 수호"" 경고",https://www.yna.co.kr/view/AKR20250304060500083,"Tue, 4 Mar 2025 10:10:02 +0900"
"加, '트럼프 관세' 강행에 ""우리도 준비돼 있다"" 보복관세 예고",https://www.yna.co.kr/view/AKR20250304047300072,"Tue, 4 Mar 2025 10:02:35 +0900"
관세전쟁 시작도 전에…미국 제조업 회복 기대 약화,https://www.yna.co.kr/view/AKR20250304051400009,"Tue, 4 Mar 2025 09:58:06 +0900"
"뒤통수 맞은 멕시코, 美에 보복관세?…'2018년 관세전쟁' 주목",https://www.yna.co.kr/view/AKR20250304046800087,"Tue, 4 Mar 2025 09:56:32 +0900"
"트럼프, 젤렌스키와 충돌 후 우크라 무기공급 전면 중지(종합)",https://www.yna.co.kr/view/AKR20250304036852009,"Tue, 4 Mar 2025 09:55:02 +0900"
"[속보] 中, 美 '10+10% 관세' 개시에 ""반격할 것…조속한 대화 희망""",https://www.yna.co.kr/view/AKR20250304055500083,"Tue, 4 Mar 2025 09:54:04 +0900"
"""혼다, 시빅 새 모델 멕시코 아닌 미국서 생산""…살길 찾는 기업들",https://www.yna.co.kr/view/AKR20250304039700009,"Tue, 4 Mar 2025 09:45:32 +0900"
"""이게 우리 정장""…미국의 '복장 조롱' 받아친 우크라이나",https://news.jtbc.co.kr/article/NB12237559,2025.03.04
"미, 군사 원조 중단에 우크라 ""협력 계속""…여론 ""충격과 배신""",https://news.jtbc.co.kr/article/NB12237557,2025.03.04
"중국 ""미국산 원목 수입 중단…미 업체 3곳 대두 수입도 정지""",https://news.jtbc.co.kr/article/NB12237551,2025.03.04
"LGB는 놔두고, T만 때린다?…트랜스젠더만 눈엣가시, 왜?",https://news.jtbc.co.kr/article/NB12237546,2025.03.04
"'눈에는 눈, 이에는 이' 트럼프 텃밭 노려 관세 때린 중국",https://news.jtbc.co.kr/article/NB12237540,2025.03.04
"'미국 없는 우크라' 벼랑 끝 몰리나…""올여름이 고비"" 전망도",https://news.jtbc.co.kr/article/NB12237541,2025.03.04
'군사원조 다 끊어라' 지시…트럼프 '우크라 압박' 초강수,https://news.jtbc.co.kr/article/NB12237542,2025.03.04
"미국, 우크라이나 군사 지원 전면 중단…트럼프 명령 실행",https://news.jtbc.co.kr/article/NB12237516,2025.03.04
"""캐셔도 연봉 7300만원""…빚지고 대학을 왜 가?",https://news.jtbc.co.kr/article/NB12237484,2025.03.04
"중국, 미국 농산품에 최대 15% 추가 관세…'트럼프식 관세 폭탄' 맞대응",https://news.jtbc.co.kr/article/NB12237483,2025.03.04
"""푸틴, 미국-이란 핵 관련 소통 지원에 동의""",https://news.sbs.co.kr/news/endPage.do?news_id=N1008007063&plink=RSSLINK&cooper=RSSREADER,"Wed, 5 Mar 2025 00:36:00 +0900"
"멕시코, 미국에 보복관세 부과 예고…""9일에 품목 발표""",https://news.sbs.co.kr/news/endPage.do?news_id=N1008007058&plink=RSSLINK&cooper=RSSREADER,"Tue, 4 Mar 2025 23:55:00 +0900"
유럽 방위비 확대에…유로화 올들어 최고치,https://news.sbs.co.kr/news/endPage.do?news_id=N1008007054&plink=RSSLINK&cooper=RSSREADER,"Tue, 4 Mar 2025 23:41:00 +0900"
"유엔 인권수장 ""깊이 걱정""…트럼프 행정부 인권정책 비판",https://news.sbs.co.kr/news/endPage.do?news_id=N1008007046&plink=RSSLINK&cooper=RSSREADER,"Tue, 4 Mar 2025 22:42:00 +0900"
"유럽, 미국 '우크라 지원 중단'에 ""침략자만 강해진다"" 비판",https://news.sbs.co.kr/news/endPage.do?news_id=N1008007044&plink=RSSLINK&cooper=RSSREADER,"Tue, 4 Mar 2025 22:38:00 +0900"
"로이터 ""러 미사일 전문가들, 이란·이스라엘 충돌 당시 이란행""",https://news.sbs.co.kr/news/endPage.do?news_id=N1008007041&plink=RSSLINK&cooper=RSSREADER,"Tue, 4 Mar 2025 22:27:00 +0900"
"러, 헤르손 미점령지 공세…""협상서 우위 차지하려고""",https://news.sbs.co.kr/news/endPage.do?news_id=N1008007040&plink=RSSLINK&cooper=RSSREADER,"Tue, 4 Mar 2025 22:26:00 +0900"
"EU, 캐나다·멕시코 '트럼프 관세' 비판…""EU도 영향권""",https://news.sbs.co.kr/news/endPage.do?news_id=N1008007032&plink=RSSLINK&cooper=RSSREADER,"Tue, 4 Mar 2025 22:06:00 +0900"
"[특종의발견] ""한국도 이런 봉변 당할 수 있다""…트럼프가 젤렌스키 공개 망신 준 진짜 의도는?",https://news.sbs.co.kr/news/endPage.do?news_id=N1008006808&plink=RSSLINK&cooper=RSSREADER,"Tue, 4 Mar 2025 21:30:00 +0900"
"교황, 호흡곤란 위기 넘겼지만...""안심할 단계 아냐""",https://news.sbs.co.kr/news/endPage.do?news_id=N1008007009&plink=RSSLINK&cooper=RSSREADER,"Tue, 4 Mar 2025 21:07:00 +0900"
"트럼프, 젤렌스키와 충돌 후 ""군사원조 중단"" 후폭풍",https://news.sbs.co.kr/news/endPage.do?news_id=N1008006925&plink=RSSLINK&cooper=RSSREADER,"Tue, 4 Mar 2025 20:48:00 +0900"
중국 보복관세로 '맞불'…미국산 농산품에 10~15% 부과,https://news.sbs.co.kr/news/endPage.do?news_id=N1008006923&plink=RSSLINK&cooper=RSSREADER,"Tue, 4 Mar 2025 20:48:00 +0900"
미 '최대 25%' 관세 시작…불붙은 무역전쟁,https://news.sbs.co.kr/news/endPage.do?news_id=N1008006922&plink=RSSLINK&cooper=RSSREADER,"Tue, 4 Mar 2025 21:09:00 +0900"
"""유럽, 러 동결자산 압류 논의…반대했던 프·독도 동참""",https://news.sbs.co.kr/news/endPage.do?news_id=N1008006979&plink=RSSLINK&cooper=RSSREADER,"Tue, 4 Mar 2025 19:25:00 +0900"
체코서 2만명 모금 우크라에 블랙호크 헬기 선물,https://news.sbs.co.kr/news/endPage.do?news_id=N1008006976&plink=RSSLINK&cooper=RSSREADER,"Tue, 4 Mar 2025 19:21:00 +0900"
백악관 충돌이 트럼프 쇼?…젤렌스키 입지도 강해졌다 [스프],https://news.sbs.co.kr/news/endPage.do?news_id=N1008006527&plink=RSSLINK&cooper=RSSREADER,"Tue, 4 Mar 2025 18:08:00 +0900"
"교황, 호흡곤란 위기 넘겨…교황청 ""휴식 중""",https://news.sbs.co.kr/news/endPage.do?news_id=N1008006872&plink=RSSLINK&cooper=RSSREADER,"Tue, 4 Mar 2025 17:48:00 +0900"
골프장서 휜 다리로 '절뚝'…78세 트럼프도 건강이상설,https://news.sbs.co.kr/news/endPage.do?news_id=N1008006670&plink=RSSLINK&cooper=RSSREADER,"Tue, 4 Mar 2025 17:34:00 +0900"
또 수천억 쏟아진 회사…제품 하나 없는데 14조 가치?,https://news.sbs.co.kr/news/endPage.do?news_id=N1008006669&plink=RSSLINK&cooper=RSSREADER,"Tue, 4 Mar 2025 17:27:00 +0900"
"[오뉴스 출연] ""군사지원 전면 중단"" (민정훈 국립외교원 교수)",https://news.sbs.co.kr/news/endPage.do?news_id=N1008006665&plink=RSSLINK&cooper=RSSREADER,"Tue, 4 Mar 2025 17:18:00 +0900"
"[영상] ""이게 트럼프 파워야!"" 회장 '파격 결단'에 싱긋 웃더니…""젤렌스키랑 완전 끝?"" 질문 공세에 기다린 듯 꺼낸 말",https://news.sbs.co.kr/news/endPage.do?news_id=N1008005959&plink=RSSLINK&cooper=RSSREADER,"Tue, 4 Mar 2025 17:15:00 +0900"
"트럼프 관세전쟁 본격화…캐나다·중국 ""보복 관세"" 대응",https://news.sbs.co.kr/news/endPage.do?news_id=N1008006663&plink=RSSLINK&cooper=RSSREADER,"Tue, 4 Mar 2025 17:07:00 +0900"
"미국, '트럼프 명령'에 우크라이나 군사원조 중단",https://news.sbs.co.kr/news/endPage.do?news_id=N1008006816&plink=RSSLINK&cooper=RSSREADER,"Tue, 4 Mar 2025 17:06:00 +0900"
"중국, 10일부터 미국 농산품에 보복관세…'수위조절'",https://news.sbs.co.kr/news/endPage.do?news_id=N1008006803&plink=RSSLINK&cooper=RSSREADER,"Tue, 4 Mar 2025 17:02:00 +0900"
"무역전쟁 포연 속에서도…중, 미에 ""평등한 협상 통해 해결해야""",https://news.sbs.co.kr/news/endPage.do?news_id=N1008006771&plink=RSSLINK&cooper=RSSREADER,"Tue, 4 Mar 2025 16:43:00 +0900"
미국과 '안보 결별' 가능성에…유럽 방산업계 대호황 예고,https://news.sbs.co.kr/news/endPage.do?news_id=N1008006746&plink=RSSLINK&cooper=RSSREADER,"Tue, 4 Mar 2025 16:34:00 +0900"
"트럼프발 리스크에도…골드만삭스 CEO ""미 경제 침체 가능성 낮아""",https://news.sbs.co.kr/news/endPage.do?news_id=N1008006732&plink=RSSLINK&cooper=RSSREADER,"Tue, 4 Mar 2025 16:24:00 +0900"
"미 부통령 ""젤렌스키, 결국 러시아와 평화협상하게 될 것""",https://news.sbs.co.kr/news/endPage.do?news_id=N1008006727&plink=RSSLINK&cooper=RSSREADER,"Tue, 4 Mar 2025 16:21:00 +0900"
"트럼프, 광물 협정에는 여전히 '눈독'…유럽, 우크라이나 파병할까?",https://news.sbs.co.kr/news/endPage.do?news_id=N1008006318&plink=RSSLINK&cooper=RSSREADER,"Tue, 4 Mar 2025 17:02:00 +0900"
"美, 우크라 지원 중단… 관세도 강행",https://www.chosun.com/international/international_general/2025/03/05/AE2DGVAMINEP5FEQQ5KPZGEXZA/,"Tue, 04 Mar 2025 15:56:03 +0000"
IAEA “北 영변서 우라늄 농축 시설 가동 징후”,https://www.chosun.com/international/international_general/2025/03/04/RUKW52AWVJFB3HYGOSUNN7A6D4/,"Tue, 04 Mar 2025 01:27:10 +0000"
中·캐나다 이어 멕시코도 美에 보복 관세 대응,https://www.chosun.com/international/international_general/2025/03/05/EHCBSE4OQZDDZGS2X5TZYELPAA/,"Tue, 04 Mar 2025 15:13:51 +0000"
"“재벌 지인 시켜 폭행 사주”…왕대륙, 살인미수 혐의 체포",https://www.chosun.com/international/topic/2025/03/04/DKMTCOQB7NHHBIRQ56XKXQFOTM/,"Tue, 04 Mar 2025 14:42:52 +0000"
"갓 짜낸 니혼슈, 시속 300㎞ 고속 열차 타고 달린다 [방구석 도쿄통신]",https://www.chosun.com/international/japan/2025/03/05/R3FWKRZ6BBCI7G5J2XPHXUQH5U/,"Tue, 04 Mar 2025 13:41:04 +0000"
"체코 국민들, 우크라에 블랙호크 선물… 트럼프 모욕 후 기부금 급증",https://www.chosun.com/international/topic/2025/03/04/6FAZE5ICNFCUTNN4733FS6PWVY/,"Tue, 04 Mar 2025 11:56:14 +0000"
美 “젤렌스키 정장 있나” 비아냥에... 우크라 “이게 우리의 정장이다”,https://www.chosun.com/international/international_general/2025/03/04/5VAVF5ZFXJFHBH43WTRZC7M4YA/,"Tue, 04 Mar 2025 01:15:03 +0000"
"스타링크 끊으면 우크라 치명상... 머스크, ‘디지털 생명줄’ 차단 검토",https://www.chosun.com/international/international_general/2025/03/04/7TFGEHNSMZFSDCMAAEWE52NFKE/,"Tue, 04 Mar 2025 11:49:10 +0000"
"中, 美농산품에 10일부터 10∼15% 보복관세… 트럼프에 ‘맞불’",https://www.chosun.com/international/international_general/2025/03/04/RHJVXPUDIFABNASTGDLNP3UY2Q/,"Tue, 04 Mar 2025 05:45:49 +0000"
러시아  ‘수호이 수퍼제트 프로젝트(SSJ-100)’ 불안불안,https://www.chosun.com/international/international_general/2025/03/04/JYWFBZUAVBHCNHH6KTQWLRV3LU/,"Tue, 04 Mar 2025 08:47:20 +0000"
"트럼프의 러시아 피벗, 다음은 美·北 밀착 우려",https://www.chosun.com/international/international_general/2025/03/04/6TQZWUSZBZGANMAFWRYYIOI7CA/,"Mon, 03 Mar 2025 15:50:26 +0000"
유럽 난민 신청 지난해 11% 감소했다… ‘극우 득세’ 독일은 29% 감소,https://www.chosun.com/international/international_general/2025/03/04/NHKSAUFZYRBJXBDD2Z4DCDEGUA/,"Tue, 04 Mar 2025 05:05:20 +0000"
"구글 입사한 19세 천재소년…명문대 상대로 “인종차별” 소송, 무슨 일",https://www.chosun.com/international/international_general/2025/03/04/YBQWCCUFWVDSXJUVEUIKE47XDQ/,"Tue, 04 Mar 2025 04:28:10 +0000"
‘반미 국가’ 이란 부통령 자녀가 美 시민권자…강경파 공격에 결국 사의,https://www.chosun.com/international/international_general/2025/03/04/TYB2H7EMGBAAPEHZMT2AZMWWWY/,"Tue, 04 Mar 2025 03:35:59 +0000"
현실화되는 관세 전쟁... 캐나다 “美제품에 맞불 관세 부과”,https://www.chosun.com/international/international_general/2025/03/04/5YQZ2SX7D5E67ODD6PUPTDZ36M/,"Tue, 04 Mar 2025 02:57:50 +0000"
"트럼프, 젤렌스키와 충돌 후 우크라 군사지원 전면 중단",https://www.chosun.com/international/international_general/2025/03/04/LR6MNPJMHZFJ3OX2QLYZYX24AI/,"Tue, 04 Mar 2025 00:15:58 +0000"
“보는 즉시 물밖으로 나와야”…바다 위 ‘격자 무늬 파도’의 정체,https://www.chosun.com/international/international_general/2025/03/04/QEZYNN3P4FGP7J6GWHZE3JLEDU/,"Tue, 04 Mar 2025 02:25:05 +0000"
트럼프 “4일부터 예정대로 加·멕시코 관세 25%“… 中 10%+10%도 서명,https://www.chosun.com/international/international_general/2025/03/04/O7WGWXGL7ZDDZOBRZYAGHHMTI4/,"Mon, 03 Mar 2025 18:37:42 +0000"
관광지 코앞 ‘공포의 협곡’서 또… 보름 새 90여 명 사망한 이곳,https://www.chosun.com/international/international_general/2025/03/04/CTR5XYSJJBEOXPVWTQ24ZPIY34/,"Tue, 04 Mar 2025 07:18:52 +0000"
트럼프 ‘캐나다·멕시코 관세 시행’ 발언에 뉴욕증시 폭락,https://www.chosun.com/international/international_general/2025/03/04/OUJOVOQOVVEO5AUAIN5A3DIWLI/,"Mon, 03 Mar 2025 21:04:51 +0000"
트럼프 풍자 피한 오스카…NYT “워싱턴은 딴나라?”,https://www.chosun.com/international/international_general/2025/03/04/RFRQ2KRAUBG5NFPYK3ED6PBWBA/,"Tue, 04 Mar 2025 00:30:20 +0000"
후드티 입고 시상식 온 아담 샌들러… “포커 치다 왔어?” 조롱에 퇴장,https://www.chosun.com/international/international_general/2025/03/04/DSXNEFNLRNFTFJU5SXTTT3OW3U/,"Tue, 04 Mar 2025 00:41:05 +0000"
中연구팀 “초전도 양자컴퓨터 개발... 수퍼 컴퓨터보다 1000조배 빨라”,https://www.chosun.com/international/international_general/2025/03/04/OQLVN4OUVRBMJOMA7X6W32DZIU/,"Tue, 04 Mar 2025 06:43:26 +0000"
하다하다 대낮 도심서 타고 가던 자전거도 강탈… 英 발칵,https://www.chosun.com/international/international_general/2025/03/04/OCSEDYHAM5EEDFLXCLMI7YVEVU/,"Tue, 04 Mar 2025 06:22:26 +0000"
안보협정 믿고 핵·영토 내줬지만… 누구도 우크라 지켜주지 않았다,https://www.chosun.com/international/international_general/2025/03/04/EQAJOBH7AVACRCJKVVLN4IEI5I/,"Mon, 03 Mar 2025 15:52:42 +0000"
"[깨알지식 Q] 아버지 뜻하는 ‘포프’, 왜 교황이라 부를까",https://www.chosun.com/international/international_general/2025/03/04/SJCZAL2WGFDYLEBHLHDOP4A4PQ/,"Mon, 03 Mar 2025 15:47:57 +0000"
[클릭! 이 사람] 트럼프에 당한 젤렌스키·트뤼도가 찾은 ‘폐하’,https://www.chosun.com/international/international_general/2025/03/04/INMGV4ZCQVGRHAIOMMO3JPB2U4/,"Mon, 03 Mar 2025 15:47:32 +0000"
“세상을 움직이는 美 의회” 그곳서 힘 보태는 한국계 보좌관들,https://www.chosun.com/international/international_general/2025/03/04/E6OQX7J4SNF2RCYWE4DWXTGZBY/,"Mon, 03 Mar 2025 15:43:21 +0000"
오스카서 기습 입맞춤 당한 그녀... 22년만에 ‘보복 키스’,https://www.chosun.com/international/international_general/2025/03/03/X7XFJ6IGVVCHNMWOEEGX2YRKMY/,"Mon, 03 Mar 2025 11:54:49 +0000"
헌혈로 아기 240만명 살렸다... ‘황금팔의 영웅’ 호주 남성 별세,https://www.chosun.com/international/international_general/2025/03/03/YA2HYRXUFNA2XBD6Z2P5MQY5MU/,"Mon, 03 Mar 2025 10:11:00 +0000"
"“무례한 트럼프, 잘 들이받았다” 우크라이나서 젤렌스키 지지율 반등",https://www.chosun.com/international/international_general/2025/03/03/7DBTFNUSJNG77KX5UOATDY43WE/,"Mon, 03 Mar 2025 10:06:21 +0000"
찰스 3세 만난 젤렌스키... BBC “따뜻한 환대 받아”,https://www.chosun.com/international/international_general/2025/03/03/ODBLHUG3YBDMNOGVZ2SXW7WBT4/,"Mon, 03 Mar 2025 07:05:51 +0000"
"트럼프·젤렌스키, 6년 전부터 뿌리 깊은 악연",https://www.chosun.com/international/international_general/2025/03/03/XGWCBXXW6NAYLOOB65YFQRQS6Q/,"Sun, 02 Mar 2025 15:55:00 +0000"
日 아동학대 판별 AI 개발했지만... “판정 오류 60%에 달해 실패”,https://www.chosun.com/international/japan/2025/03/03/KJ44G73Z7BFBHISD7IMZGONQZQ/,"Mon, 03 Mar 2025 06:21:37 +0000"
“젤렌스키가 무례” “트럼프 행동 보라” 착잡한 뉴욕 우크라 타운,https://www.chosun.com/international/international_general/2025/03/03/QW2NK2QKZ5F5ZJHEP2QM7YKPEM/,"Mon, 03 Mar 2025 05:59:18 +0000"
故서희원 유산 정리…“배우자 구준엽과 두 자녀가 상속”,https://www.chosun.com/international/topic/2025/03/03/BE25EZDARFBY3DULBWGTIDWS3A/,"Mon, 03 Mar 2025 04:08:37 +0000"
버핏 “관세는 전쟁 행위”… 트럼프 공개 비판,https://www.chosun.com/international/international_general/2025/03/03/VDP3UD6JCFDFLEWYZABMLNXZ5Q/,"Mon, 03 Mar 2025 02:28:59 +0000"
트럼프 “가상화폐 전략 비축…비트코인·이더리움 중심”,https://www.chosun.com/international/international_general/2025/03/03/3P6XBRRBLBCZXAYK4TI6YRDVJA/,"Mon, 03 Mar 2025 01:06:00 +0000"
"美, 젤렌스키 사임 압박?… 백악관 “전쟁 끝낼 지도자 필요”",https://www.chosun.com/international/international_general/2025/03/03/EAZO3P5T3BBF7BN6JXHZLNZVV4/,"Sun, 02 Mar 2025 23:24:42 +0000"
유럽 정상들 “우크라 평화 보장 연합 추진…협상서 우크라 배제 안돼”,https://www.chosun.com/international/international_general/2025/03/03/64DFSSKJ2JEB3EPLTG5VG3ESH4/,"Sun, 02 Mar 2025 17:45:13 +0000"
"美 SNL 속 트럼프 “젤렌스키, 푸틴에게 사과하고 아내 바쳐라”",https://www.chosun.com/international/international_general/2025/03/03/I3BM4RD2CRB2TMFWNB4B45U7UQ/,"Sun, 02 Mar 2025 17:28:46 +0000"
"백악관 파국 본 유럽 “英·佛·우크라, 美에 휴전 협상안 제안할 것”",https://www.chosun.com/international/international_general/2025/03/02/IRJNYDW42RDXHBS3K4IQ2BBOOY/,"Sun, 02 Mar 2025 13:07:18 +0000"
세계가 경악한 트럼프의 ‘모욕 외교’,https://www.chosun.com/international/international_general/2025/03/02/PBVMZOCLMNHWNEG4FV3CBS7ZHQ/,"Sun, 02 Mar 2025 13:01:46 +0000"
"트럼프 곁 ‘투견’ 자처한 밴스, 머스크 잡을 2인자로 급부상",https://www.chosun.com/international/international_general/2025/03/02/7UJIBQYWYRB7TPZ66ANQXHGNQA/,"Sun, 02 Mar 2025 12:23:41 +0000"
"군복 차림새·맞고함... 젤렌스키, 벼른 건가 실수인가",https://www.chosun.com/international/international_general/2025/03/02/NSILXJ53RFFJPK6JSDKUUNFQJU/,"Sun, 02 Mar 2025 11:35:17 +0000"
이스라엘·하마스 ‘휴전 2단계’ 미궁 속으로... 다시 포성 울리나,https://www.chosun.com/international/international_general/2025/03/02/ECTLAK6UVZD4DNYO3XQRSYXERQ/,"Sun, 02 Mar 2025 11:29:10 +0000"
왜 여자 인형 불태우며 풍년 기원할까,https://www.chosun.com/international/international_general/2025/03/02/N6S6XXJGIRATJP3NOKRL52XXMU/,"Sun, 02 Mar 2025 08:20:05 +0000"
"중국, AI 기업인 미국 여행 주의보",https://www.chosun.com/international/international_general/2025/03/02/DO2SMUN73JFV3G4J6DCVUSVLE4/,"Sun, 02 Mar 2025 06:22:14 +0000"
“억만장자도 이렇게 열심”… 아내 생일 맞아 반짝이 입고 열창한 저커버그,https://www.chosun.com/international/international_general/2025/03/02/SFYP6ZAWJFAX3OCCUTNQ4MXL7M/,"Sun, 02 Mar 2025 03:32:11 +0000"
"젤렌스키 의상 조롱한 머스크, 본인은 백악관 회의에 티셔츠",https://www.chosun.com/international/international_general/2025/03/02/YOZCVAMNORDPHKWH5QCB5EKNZA/,"Sun, 02 Mar 2025 01:01:36 +0000"
"일론 머스크, 열셋째 알려진 지 2주 만에 열넷째 아빠됐다",https://www.chosun.com/international/international_general/2025/03/02/F5NPYKP6BNBLNOZUPBOWWJV6YU/,"Sat, 01 Mar 2025 18:52:13 +0000"
"젤렌스키, 다음 날 “美지원에 진심으로 감사”… 사태 수습 나서나",https://www.chosun.com/international/international_general/2025/03/02/45GLTMUG5FAC7AGM6SSU4GH3RI/,"Sat, 01 Mar 2025 17:40:47 +0000"
"러시아 “젤렌스키, 트럼프에 터무니 없이 무례했다”",https://www.chosun.com/international/international_general/2025/03/02/5ZRHYEXKK5AYJBAPMF6BQTIMPY/,"Sat, 01 Mar 2025 16:56:26 +0000"
“美는 자유 세계 리더 자격 잃었다” 유럽서 힘 받는 ‘자력 안보론’,https://www.chosun.com/international/international_general/2025/03/02/YDKFW4NQ2ZCN5GORW2WJ465XAM/,"Sat, 01 Mar 2025 15:57:16 +0000"
영국인 유튜버 “북한 통제 상상 초월… 화장실 갈 때도 가이드 보고”,https://www.chosun.com/international/international_general/2025/03/01/PTXB4OTCYBEIHLROW7G7VRENB4/,"Sat, 01 Mar 2025 13:24:38 +0000"
"“트럼프·밴스 말투, 결론 암시했다“... 우크라, 美와 회담 파국에 충격",https://www.chosun.com/international/international_general/2025/03/01/5BUNXWOMYVEXHPFXJFKS2OX6G4/,"Sat, 01 Mar 2025 10:29:49 +0000"
"고개 푹, 절레절레… 트럼프·젤렌스키 회담 보던 우크라 대사 반응",https://www.chosun.com/international/international_general/2025/03/01/PYPXB6XZDVFVHLDF4TVBIITTWM/,"Sat, 01 Mar 2025 10:15:55 +0000"
젤렌스키 응원 나선 유럽…헝가리만 “트럼프에 감사”,https://www.chosun.com/international/international_general/2025/03/01/CWINW5EKMNAYFFUG2IOVTZ26BA/,"Sat, 01 Mar 2025 10:06:44 +0000"
"美기자, 젤렌스키 향해 “정장 있긴 해요?”… 트럼프 속내였나",https://www.chosun.com/international/international_general/2025/03/01/LTWBEMSLMNCNDI6QJMERV3ZMAY/,"Sat, 01 Mar 2025 03:15:47 +0000"
"러시아 “트럼프·밴스, 젤렌스키 안 때린 게 기적”...미-우크라 정상회담 파행에 반색",https://www.chosun.com/international/international_general/2025/03/01/FSO5PN4A5ZFGBOSTSLVIX7TH3E/,"Sat, 01 Mar 2025 01:28:22 +0000"
정상회담 파행 후 젤렌스키 “트럼프와 미국민 존경” 진화 나서...사과는 거부,https://www.chosun.com/international/international_general/2025/03/01/AGK5CRRL55DRFDQGL4SUQF6UE4/,"Sat, 01 Mar 2025 00:49:12 +0000"
트럼프 관세 예고 나오자…미국이 40년 쫓던 ‘마약왕’ 넘긴 멕시코,https://www.chosun.com/international/international_general/2025/03/01/5D7HQBXCDNENLOBFHPY3DYCZEU/,"Fri, 28 Feb 2025 22:26:40 +0000"
"트럼프·젤렌스키 악연, 이미 6년 전 시작됐다",https://www.chosun.com/international/international_general/2025/03/01/BIFZXD6APVEPPIXYDQCCEG5R6E/,"Fri, 28 Feb 2025 22:20:11 +0000"
"트럼프, 젤렌스키 면전에 “멍청한 대통령이 돈 줬잖아!” 광물협정 결렬",https://www.chosun.com/international/us/2025/03/01/EDXKFWIQL5B4TIQQWHZIQ7RHZU/,"Fri, 28 Feb 2025 19:24:24 +0000"
트럼프용 필살기… 英 ‘화려한 의전’ 日 ‘아부성 칭찬’ 佛 ‘친근한 터치’,https://www.chosun.com/international/international_general/2025/03/01/CSOSFRBX6JB4LK7HAMDBKZFDLY/,"Fri, 28 Feb 2025 16:21:59 +0000"
북한군 포로 “자폭해서라도 생포 피하라 교육”,https://www.chosun.com/international/japan/2025/03/01/H336BWJPBZE3FJICABTEWJZJUU/,"Fri, 28 Feb 2025 16:06:40 +0000"
"‘이민자의 나라’ 미국, 영어가 ‘국어’ 된다... 트럼프, 행정명령 서명 예정",https://www.chosun.com/international/international_general/2025/03/01/ZCZTHLFCHFHKXMBXMBBINDQFTA/,"Fri, 28 Feb 2025 15:59:52 +0000"
"美 팝스타 케이티 페리, 6인조 우주 여행 떠난다",https://www.chosun.com/international/international_general/2025/03/01/4WF2Z2YVEJBS3ADF7GM7V44GBI/,"Fri, 28 Feb 2025 15:39:18 +0000"
여친 강요에 ‘모의 출산’ 체험한 中 남성에게 벌어진 결말,https://www.chosun.com/international/topic/2025/03/04/QJ2ALCZMHJGDPL7MI2PJK7TO7Y/,"Tue, 04 Mar 2025 00:50:12 +0000"
"WSJ도 북한군 포로 인터뷰...“아무것도 얻지 못하지만, 명령이니까 싸웠다”",https://www.chosun.com/international/international_general/2025/02/28/4YZBT5ISJJFX3HJ5J6G7W546ZQ/,"Fri, 28 Feb 2025 09:39:05 +0000"
"트럼프 ‘무역 전쟁’ 선제 대응…인도, 자동차·화학품 관세 인하 검토",https://www.chosun.com/international/international_general/2025/02/28/JBBEDTB3VBF3FHUMKXZSCM3CUY/,"Fri, 28 Feb 2025 09:04:41 +0000"
"BTS 제이홉, 美NBC방송 ‘더 투나잇 쇼’서 첫 솔로 공연",https://www.chosun.com/international/international_general/2025/03/04/NODIWNJIMVCVTELQAJ6CTYIOEI/,"Mon, 03 Mar 2025 22:13:37 +0000"
마트 계산만 해도 연봉 7300만원… 美 청년 “비싼 돈 내고 대학 왜 가요?”,https://www.chosun.com/international/international_general/2025/03/04/2Q4X3R5KXVCVRL3F6WR6632UY4/,"Mon, 03 Mar 2025 22:43:42 +0000"
"美외벽청소 곤돌라, 78층서 흔들리다 ‘쾅’... 청소부 극적 구조",https://www.chosun.com/international/international_general/2025/03/03/OQZO2HCDY5H47OTURUCVWRDD2M/,"Mon, 03 Mar 2025 08:47:23 +0000"
"美 은행, 고객에 실수로 11경8500조원 송금했다 ‘발칵’",https://www.chosun.com/international/topic/2025/03/03/ENKM2WTXVVETPO53QCZE2OWD3A/,"Sun, 02 Mar 2025 21:45:06 +0000"
“한달 렌트비 1억3000만원”… 에어비앤비에 올라온 제이홉 LA 집,https://www.chosun.com/international/international_general/2025/03/02/6SKT45Z2DZBQFNOAN7CUTZBPDE/,"Sun, 02 Mar 2025 05:51:19 +0000"
폐허 가자지구에서도 한달 동안 라마단,https://www.chosun.com/international/international_general/2025/03/03/OU4OYCRAHRGRVO33QUUF2KOI4M/,"Sun, 02 Mar 2025 15:52:00 +0000"
"[특파원 리포트] 젤렌스키 ‘뺨’ 맞을 때, 대만도 맞았다",https://www.chosun.com/opinion/correspondent_column/2025/03/02/CYIVP5Q3XBD7BHYR5A42OOLVJU/,"Sun, 02 Mar 2025 14:54:00 +0000"
"새벽 4시 기상, 풀 메이크업… 운전해 출근하는 100세 할머니",https://www.chosun.com/international/international_general/2025/03/02/JUSKOFHUDRECZMB3AAYR333GTU/,"Sun, 02 Mar 2025 10:29:12 +0000"
유기견 구조하던 미모의 인플루언서... 알고 보니 유럽의 ‘코카인 여왕’,https://www.chosun.com/international/international_general/2025/03/01/DBS2CWSNUNENJKYG64VVEXV7JU/,"Sat, 01 Mar 2025 07:43:08 +0000"
해 떠 있으면 물도 못 마신다... 20억 무슬림 라마단 금식 시작,https://www.chosun.com/international/international_general/2025/03/01/7P7OEQMYV5DTZDRHZ3UTAJTWPM/,"Sat, 01 Mar 2025 11:23:03 +0000"
6700만분의 1확률… ‘하루 홀인원 2회’ 프로골퍼 누구,https://www.chosun.com/international/international_general/2025/03/01/KDR4XRZTPJECJCEBG7NFQSODVM/,"Sat, 01 Mar 2025 14:58:01 +0000"
"美 화물기, 조류충돌로 비상착륙, 사상자는 없어",https://www.chosun.com/international/international_general/2025/03/02/MNAEMPU7QFE6HA6IY4AO3V43VE/,"Sat, 01 Mar 2025 21:05:02 +0000"
‘펑크록’ 선구자 뉴욕돌스 보컬 데이비드 조핸슨 별세,https://www.chosun.com/international/international_general/2025/03/02/3DURWBDGLFBHDLASFVWFXLILLU/,"Sat, 01 Mar 2025 20:44:06 +0000"
“내 장수 비결은 이것”…106세 할머니가 매일 먹는 의외의 음식,https://www.chosun.com/international/international_general/2025/03/02/F2YRBYAQE5DJLI6IVXBUYJHAQU/,"Sat, 01 Mar 2025 22:20:29 +0000"
태양광·철강 좀비기업 연명 시킨 中...“부동산 붕괴처럼 공멸 위기”,https://www.chosun.com/international/china/2025/03/02/F3QDKXUTQBAFDKPTCT2APL5RII/,"Sat, 01 Mar 2025 15:00:00 +0000"
"‘쿠르드족 분리’ 무장단체 PKK, “튀르키예 정부와 휴전” 선언",https://www.chosun.com/international/international_general/2025/03/01/OVJ3FBTAXBGBLGO7BHDFY3FSLE/,"Sat, 01 Mar 2025 09:14:06 +0000"
"🌍종전 향하는 우크라 戰, 러시아 책임 끝내 빠질까",https://www.chosun.com/international/international_general/2025/03/01/AFFGKF5UVVFFBCMCRWFIXAPWZA/,"Sat, 01 Mar 2025 01:00:00 +0000"
日 출국세 더 올린다고요?,https://www.chosun.com/international/japan/2025/03/01/SEXJWFQHAVHPVCHZVZHWZW7R2M/,"Fri, 28 Feb 2025 16:22:31 +0000"
"교황, 또 호흡 곤란…교황청 “악화 여부 지켜봐야”",https://www.chosun.com/international/international_general/2025/03/01/PIJA4TCITFCQJBTWPJ4PIFKFZE/,"Fri, 28 Feb 2025 19:50:38 +0000"
트럼프 ‘인생 사진’ 찍은 이 기자… 백악관 취재 거부당했다,https://www.chosun.com/international/us/2025/02/28/VLJF3L52A5CYDHUDLJUPQZ53NY/,"Fri, 28 Feb 2025 03:20:25 +0000"
11년만에 단죄... 필리핀서 韓여대생 납치·살해한 5명 무기징역,https://www.chosun.com/international/international_general/2025/02/28/2ONXGUKKZVAVBMGJK43DDZJYYA/,"Fri, 28 Feb 2025 14:09:37 +0000"
"폭주하는 트럼프 대통령 사로잡을, 한국이 가진 최고의 카드 [송의달 LIVE]",https://www.chosun.com/international/2025/02/28/U5ONDQWN2JBP5H6JXIREMO67RM/,"Fri, 28 Feb 2025 02:40:00 +0000"
"“中, 美와 美동맹국과 경제 단절땐 GDP 최대 51% 타격...복원 불능”",https://www.chosun.com/international/international_general/2025/02/28/M3VXBUFIP5CPFKQLY2RJFCT4AI/,"Fri, 28 Feb 2025 07:01:42 +0000"
"세계 최고령 홀로코스트 생존자, 113세 나이로 별세",https://www.chosun.com/international/international_general/2025/02/28/VHHGIRBJPZATPFN5WCGWZ2UIXU/,"Fri, 28 Feb 2025 11:50:28 +0000"
"“하마스 위협 오판했다, 완전한 실패”…이스라엘군의 반성문",https://www.chosun.com/international/international_general/2025/02/28/L6IWSKQVKBG73PKAGY5EJ4WEP4/,"Fri, 28 Feb 2025 08:11:47 +0000"
北 여행 독일 인플루언서 “가난 숨기지 않더라…아직도 소‧마차 이용”,https://www.chosun.com/international/international_general/2025/02/28/BZLXP6PLWVG3NADOORNXFKIDLU/,"Fri, 28 Feb 2025 06:12:00 +0000"
"“2세 수준 동작에 넘어지기도”... 6400만원짜리 中로봇, 실사용 후기 보니",https://www.chosun.com/international/international_general/2025/02/28/6RFVMYODDNCA7GNZMA6A7JI32U/,"Fri, 28 Feb 2025 08:14:53 +0000"
"中, 트럼프 10% 추가 관세 위협에 “모든 보복 조치 동원”",https://www.chosun.com/international/international_general/2025/02/28/Q2NJQDLPSNDCTGWGAFLIRNCWYY/,"Fri, 28 Feb 2025 05:51:59 +0000"
"수상한 진 해크먼 사망 현장… 흩어진 알약, 아내 시신은 미라화",https://www.chosun.com/international/international_general/2025/02/28/RR3A5SYOHZHMNCCSHS32UCLYGI/,"Fri, 28 Feb 2025 01:22:39 +0000"
"멕시코, 美에 보복관세 부과 예고…오는 9일 품목 발표",https://www.hankyung.com/article/202503042615i,"Tue, 04 Mar 2025 23:40:29 +0900"
"구글이 모셔간 천재소년, 美 명문대 상대로 소송 건 이유가",https://www.hankyung.com/article/2025030425527,"Tue, 04 Mar 2025 23:34:19 +0900"
"中, 美 원목·대두 일부 수입 중단…'비(非)관세 카드'도 꺼냈다",https://www.hankyung.com/article/2025030426027,"Tue, 04 Mar 2025 23:34:07 +0900"
"""15분간 끔찍""…78층서 빌딩 외벽 청소부 극적 구조 '아찔' [영상]",https://www.hankyung.com/article/2025030425457,"Tue, 04 Mar 2025 23:28:57 +0900"
"日후쿠시마 할머니들, 제주해녀 찾아 '원전오염수' 사과했다",https://www.hankyung.com/article/2025030424897,"Tue, 04 Mar 2025 21:53:32 +0900"
"[속보] 中 ""美 3개업체 대두 수입 중단…맥각병 검출""",https://www.hankyung.com/article/2025030424677,"Tue, 04 Mar 2025 19:28:01 +0900"
"[속보] 中 ""미국산 원목 수입 중단…해충 발견""",https://www.hankyung.com/article/2025030424557,"Tue, 04 Mar 2025 19:16:04 +0900"
가성비 제품 안팔리더니 결국…삼성·애플보다 '비싼 폰' 내놨다,https://www.hankyung.com/article/2025030424357,"Tue, 04 Mar 2025 19:14:52 +0900"
"""즉시 벗어나야"" 베테랑 선원도 '경고'…격자무늬 파도의 정체",https://www.hankyung.com/article/2025030423687,"Tue, 04 Mar 2025 18:59:21 +0900"
"日 애니 '너의 이름은' 프로듀서, 아동 성매매 혐의 '실형'",https://www.hankyung.com/article/2025030424107,"Tue, 04 Mar 2025 18:49:59 +0900"
OPEC+ 내달 석유 증산…국제유가 2% 하락 마감,https://www.hankyung.com/article/2025030421711,"Tue, 04 Mar 2025 18:07:41 +0900"
'우리 종전案 따르라'…'무기'로 우크라 협박하는 미국,https://www.hankyung.com/article/2025030421951,"Tue, 04 Mar 2025 18:03:13 +0900"
"유럽은 러시아 제재…동결자산 300조원 프랑스·영국 ""압류""",https://www.hankyung.com/article/2025030421941,"Tue, 04 Mar 2025 18:01:07 +0900"
"동맹도, FTA 체결국도 안가린다…트럼프 막가파식 '관세 폭격'",https://www.hankyung.com/article/2025030422141,"Tue, 04 Mar 2025 17:58:51 +0900"
"中, 美 농산품에 10~15% 보복관세…'트럼프 표밭' 정밀타격",https://www.hankyung.com/article/2025030422131,"Tue, 04 Mar 2025 17:57:06 +0900"
"교황, 또 호흡곤란 위기 넘겨…바티칸 ""밤새 숙면·휴식""",https://www.hankyung.com/article/2025030423017,"Tue, 04 Mar 2025 17:56:29 +0900"
"'문제는 경제야'…美 2030, 트럼프·해리스 희비 갈랐다",https://www.hankyung.com/article/2025030421641,"Tue, 04 Mar 2025 17:45:24 +0900"
관세·무기 앞세워…트럼프 '세계 길들이기',https://www.hankyung.com/article/2025030421861,"Tue, 04 Mar 2025 17:37:32 +0900"
"EU, 車 탄소규제 완화…배출 과징금 3년 유예",https://www.hankyung.com/article/2025030421671,"Tue, 04 Mar 2025 17:19:33 +0900"
"""우리도 정장 있다""…젤렌스키 복장 조롱에 우크라 분노",https://www.hankyung.com/article/2025030421257,"Tue, 04 Mar 2025 17:19:01 +0900"
유럽 재무장 소식에…독일 라인메탈 '들썩',https://www.hankyung.com/article/2025030420901,"Tue, 04 Mar 2025 17:15:35 +0900"
"레이 달리오, 美 부채위기 경고…""3년 안에 '경제 심장마비' 올 것""",https://www.hankyung.com/article/2025030420911,"Tue, 04 Mar 2025 17:14:33 +0900"
"[속보] 로이터 ""미국, 우크라이나 군사원조 중단 실행""",https://www.hankyung.com/article/2025030420297,"Tue, 04 Mar 2025 16:45:36 +0900"
"""30년 만에 최악의 산불""…日 혼슈 이와테현 엿새째 '활활' [영상]",https://www.hankyung.com/article/2025030419787,"Tue, 04 Mar 2025 16:39:50 +0900"
헐렁한 농구 바지·후드티 입고 오스카 참석…美 배우 '화제',https://www.hankyung.com/article/2025030413277,"Tue, 04 Mar 2025 16:07:03 +0900"
"""심장마비처럼 위기 올 것""…헤지펀드 대부의 '섬뜩한 경고'",https://www.hankyung.com/article/202503041400i,"Tue, 04 Mar 2025 15:30:06 +0900"
"美, 캐나다-멕시코 25%·중국 '10+10%' 관세 발효…中 즉각 보복",https://www.hankyung.com/article/2025030415347,"Tue, 04 Mar 2025 14:47:54 +0900"
"中, 하루 만에 보복카드…""일부 美 제품에 15% 추가 관세""",https://www.hankyung.com/article/202503041525i,"Tue, 04 Mar 2025 14:37:51 +0900"
"[속보] 中 ""美 일루미나 유전자 분석장비 대중수출 금지""",https://www.hankyung.com/article/2025030414977,"Tue, 04 Mar 2025 14:20:15 +0900"
"[속보] 中, 美 10개 기업 제재 리스트에 추가",https://www.hankyung.com/article/2025030414497,"Tue, 04 Mar 2025 14:10:22 +0900"
"[속보] 中, 일부 美제품에 15% 추가관세…'트럼프 관세폭탄'에 보복",https://www.hankyung.com/article/2025030414227,"Tue, 04 Mar 2025 14:05:15 +0900"
"英 석유 명가 우드그룹, 부채 부담 속 인수 타깃 부상 [원자재 포커스]",https://www.hankyung.com/article/202503040014i,"Tue, 04 Mar 2025 11:11:46 +0900"
"[속보] 캐나다, 4일부터 30조원 美상품에 25% 맞불 관세 <로이터>",https://www.hankyung.com/article/2025030409117,"Tue, 04 Mar 2025 11:09:29 +0900"
"[속보] 中, 美 관세 개시에 ""반격할 것…조속한 대화 희망""",https://www.hankyung.com/article/2025030405827,"Tue, 04 Mar 2025 09:59:04 +0900"
"트럼프, 젤렌스키와 충돌 후 우크라 군사지원 전면중지",https://www.hankyung.com/article/202503040525i,"Tue, 04 Mar 2025 09:49:37 +0900"
40초 앞두고 '발사 중단'…머스크의 꿈 '스타십' 무슨 일,https://www.hankyung.com/article/2025030404357,"Tue, 04 Mar 2025 09:31:21 +0900"
"[속보] ""트럼프, 젤렌스키와 충돌 후 우크라 군사지원 전면중단"" <블룸버그>",https://www.hankyung.com/article/2025030403017,"Tue, 04 Mar 2025 09:06:28 +0900"
"교황, 평온한 밤 보냈다더니…다시 인공호흡기 착용",https://www.hankyung.com/article/2025030400467,"Tue, 04 Mar 2025 07:55:06 +0900"
中 최대 정치행사 '양회' 오늘 개막…미 관세 대응책 주목,https://www.hankyung.com/article/2025030400297,"Tue, 04 Mar 2025 07:31:52 +0900"
"[속보] 트럼프, 中의 대만 침공 가능성에 ""재앙적 사건이 될 것""",https://www.hankyung.com/article/2025030400187,"Tue, 04 Mar 2025 07:17:33 +0900"
"[속보] 트럼프 ""우크라와 광물협정 안 끝나…4일 최신소식 알릴 것""",https://www.hankyung.com/article/2025030400067,"Tue, 04 Mar 2025 07:09:11 +0900"
OPEC+ 증산 전망에 국제유가 하락…WTI 2%↓ [오늘의 유가],https://www.hankyung.com/article/202503049987i,"Tue, 04 Mar 2025 07:08:37 +0900"
트럼프 2기 첫해부터 역성장? '92년 전통' GDP 계산식 손대나[김인엽의 매크로 디코드],https://www.hankyung.com/article/202503039048i,"Tue, 04 Mar 2025 06:50:01 +0900"
"""146조 쓰겠다"" TSMC 파격 결단…트럼프 ""엄청난 일"" [종합]",https://www.hankyung.com/article/2025030499517,"Tue, 04 Mar 2025 06:33:46 +0900"
"中 자동차 1위 BYD, 홍콩서 7.6조원 증자 추진",https://www.hankyung.com/article/2025030397941,"Tue, 04 Mar 2025 01:15:10 +0900"
'독일서 또' 군중 향해 차량 돌진…최소 1명 사망·수십명 부상,https://www.hankyung.com/article/2025030397997,"Mon, 03 Mar 2025 22:55:14 +0900"
中 '법정 결혼연령' 하향 제안 논란…혼인신고 44년만 최저,https://www.hankyung.com/article/2025030397987,"Mon, 03 Mar 2025 22:55:13 +0900"
데미 무어 제치고 오스카 여우주연상 수상한 25세 배우,https://www.hankyung.com/article/2025030397587,"Mon, 03 Mar 2025 22:48:56 +0900"
유로존 2월 물가상승률 2.4%…추가 금리인하 예상,https://www.hankyung.com/article/2025030397757,"Mon, 03 Mar 2025 21:57:54 +0900"
멜라니아 '딥페이크 범죄' 대응 법안 지지 연설 나선다,https://www.hankyung.com/article/2025030397687,"Mon, 03 Mar 2025 21:39:30 +0900"
